age,stress_level,exercise_hours,water_intake_liters,mood_score,last_cycle_length,cycle_length_2,cycle_length_3,cycle_avg,cycle_variability,cycle_length,user_id
10,1,0.0,1.54,1,28,28,28,28.0,0.0,27.12068289921077,
23,3,1.02,1.5,3,28,28,28,28.0,0.0,26.94751593085747,
19,3,1.02,1.5,3,28,28,28,28.0,0.0,26.94862293833632,
18,3,1.02,1.5,3,28,28,28,28.0,0.0,26.950480983069365,
20,3,1.0,1.5,3,28,28,28,28.0,0.0,27.01887634398748,
21,3,1.0,1.99,3,28,28,28,28.0,0.0,27.118775667401245,
20,3,1.0,1.99,3,28,28,28,28.0,0.0,27.143949641312897,
22,3,1.0,1.99,3,28,28,28,28.0,0.0,27.111902448028022,
12,3,1.0,1.51,3,28,28,28,28.0,0.0,26.954855983069365,424f147b-859f-4e5c-93bb-ce284b316b9b
